node_id,cluster_id,cluster_size
1,0,1372
2,0,1372
3,0,1372
8198,0,1372
6,0,1372
7,0,1372
11,0,1372
12,0,1372
8206,0,1372
8207,0,1372
8208,0,1372
15,0,1372
18,0,1372
20,0,1372
22,0,1372
26,0,1372
29,0,1372
31,0,1372
32,0,1372
34,0,1372
8226,0,1372
38,0,1372
41,0,1372
42,0,1372
45,0,1372
8238,0,1372
48,0,1372
50,0,1372
8242,0,1372
8244,0,1372
52,0,1372
51,0,1372
56,0,1372
59,0,1372
60,0,1372
63,0,1372
8257,0,1372
70,0,1372
72,0,1372
8266,0,1372
75,0,1372
76,0,1372
8273,0,1372
81,0,1372
8274,0,1372
92,0,1372
8289,0,1372
100,0,1372
101,0,1372
103,0,1372
107,0,1372
8301,0,1372
111,0,1372
8306,0,1372
117,0,1372
8309,0,1372
119,0,1372
8312,0,1372
8313,0,1372
8314,0,1372
8315,0,1372
122,0,1372
120,0,1372
128,0,1372
8320,0,1372
130,0,1372
8323,0,1372
132,0,1372
135,0,1372
8330,0,1372
8337,0,1372
8350,0,1372
8354,0,1372
8355,0,1372
8356,0,1372
8359,0,1372
167,0,1372
8361,0,1372
171,0,1372
8363,0,1372
173,0,1372
176,0,1372
8368,0,1372
8369,0,1372
8371,0,1372
8373,0,1372
182,0,1372
183,0,1372
8377,0,1372
193,0,1372
195,0,1372
196,0,1372
199,0,1372
200,0,1372
202,0,1372
205,0,1372
212,0,1372
8410,0,1372
8411,0,1372
8418,0,1372
8421,0,1372
233,0,1372
8425,0,1372
234,0,1372
237,0,1372
8429,0,1372
240,0,1372
8434,0,1372
242,0,1372
246,0,1372
8442,0,1372
251,0,1372
8444,0,1372
8445,0,1372
255,0,1372
8449,0,1372
263,0,1372
264,0,1372
268,0,1372
8465,0,1372
8479,0,1372
8482,0,1372
296,0,1372
299,0,1372
300,0,1372
8493,0,1372
308,0,1372
8502,0,1372
311,0,1372
8504,0,1372
8505,0,1372
8508,0,1372
319,0,1372
321,0,1372
8513,0,1372
8514,0,1372
335,0,1372
8532,0,1372
8534,0,1372
343,0,1372
8538,0,1372
350,0,1372
8542,0,1372
352,0,1372
8545,0,1372
8554,0,1372
363,0,1372
8558,0,1372
370,0,1372
381,0,1372
8575,0,1372
8576,0,1372
8577,0,1372
8584,0,1372
8587,0,1372
8588,0,1372
397,0,1372
8590,0,1372
8593,0,1372
8599,0,1372
407,0,1372
8609,0,1372
8611,0,1372
8612,0,1372
8614,0,1372
424,0,1372
425,0,1372
426,0,1372
428,0,1372
429,0,1372
8639,0,1372
448,0,1372
450,0,1372
8644,0,1372
454,0,1372
455,0,1372
8652,0,1372
460,0,1372
466,0,1372
467,0,1372
8661,0,1372
8663,0,1372
8667,0,1372
479,0,1372
8671,0,1372
8674,0,1372
8677,0,1372
8679,0,1372
8682,0,1372
8683,0,1372
8686,0,1372
494,0,1372
8687,0,1372
8689,0,1372
8692,0,1372
8694,0,1372
8695,0,1372
8701,0,1372
8705,0,1372
514,0,1372
515,0,1372
516,0,1372
528,0,1372
530,0,1372
532,0,1372
8726,0,1372
8728,0,1372
538,0,1372
8732,0,1372
540,0,1372
543,0,1372
8737,0,1372
545,0,1372
547,0,1372
548,0,1372
8742,0,1372
8744,0,1372
554,0,1372
555,0,1372
8748,0,1372
8746,0,1372
563,0,1372
8756,0,1372
570,0,1372
8763,0,1372
8765,0,1372
8766,0,1372
8768,0,1372
8774,0,1372
8785,0,1372
597,0,1372
8798,0,1372
8799,0,1372
607,0,1372
8802,0,1372
612,0,1372
8804,0,1372
614,0,1372
8809,0,1372
8814,0,1372
625,0,1372
627,0,1372
629,0,1372
8823,0,1372
633,0,1372
8831,0,1372
8832,0,1372
8837,0,1372
8843,0,1372
651,0,1372
8853,0,1372
8854,0,1372
663,0,1372
8856,0,1372
8855,0,1372
8861,0,1372
8868,0,1372
677,0,1372
8872,0,1372
681,0,1372
682,0,1372
8876,0,1372
687,0,1372
689,0,1372
8884,0,1372
694,0,1372
8888,0,1372
8889,0,1372
8890,0,1372
699,0,1372
703,0,1372
8896,0,1372
714,0,1372
8910,0,1372
718,0,1372
723,0,1372
725,0,1372
738,0,1372
8931,0,1372
742,0,1372
743,0,1372
746,0,1372
8940,0,1372
8941,0,1372
752,0,1372
755,0,1372
8948,0,1372
8949,0,1372
8950,0,1372
758,0,1372
760,0,1372
762,0,1372
767,0,1372
770,0,1372
773,0,1372
776,0,1372
779,0,1372
787,0,1372
788,0,1372
789,0,1372
8983,0,1372
791,0,1372
792,0,1372
799,0,1372
8992,0,1372
804,0,1372
8997,0,1372
806,0,1372
816,0,1372
9016,0,1372
9017,0,1372
9020,0,1372
840,0,1372
9039,0,1372
9040,0,1372
9041,0,1372
855,0,1372
859,0,1372
861,0,1372
9054,0,1372
9055,0,1372
9056,0,1372
865,0,1372
864,0,1372
868,0,1372
9064,0,1372
882,0,1372
883,0,1372
9077,0,1372
896,0,1372
903,0,1372
9101,0,1372
919,0,1372
920,0,1372
921,0,1372
922,0,1372
923,0,1372
933,0,1372
943,0,1372
9136,0,1372
9138,0,1372
949,0,1372
960,0,1372
963,0,1372
966,0,1372
968,0,1372
977,0,1372
9169,0,1372
983,0,1372
9175,0,1372
998,0,1372
9191,0,1372
1002,0,1372
1005,0,1372
9206,0,1372
1016,0,1372
1017,0,1372
9210,0,1372
9211,0,1372
1020,0,1372
1022,0,1372
1026,0,1372
1027,0,1372
1034,0,1372
1037,0,1372
9231,0,1372
9232,0,1372
9233,0,1372
1039,0,1372
9235,0,1372
9237,0,1372
9240,0,1372
1053,0,1372
1055,0,1372
1061,0,1372
9257,0,1372
9258,0,1372
1068,0,1372
9261,0,1372
9262,0,1372
9260,0,1372
1072,0,1372
9264,0,1372
9266,0,1372
9270,0,1372
1078,0,1372
1080,0,1372
1081,0,1372
9276,0,1372
1087,0,1372
1090,0,1372
1092,0,1372
1094,0,1372
1096,0,1372
9292,0,1372
9294,0,1372
1109,0,1372
9305,0,1372
9306,0,1372
9307,0,1372
1115,0,1372
1117,0,1372
9310,0,1372
1119,0,1372
1121,0,1372
9315,0,1372
9316,0,1372
1124,0,1372
1126,0,1372
1127,0,1372
9319,0,1372
9321,0,1372
1129,0,1372
1135,0,1372
9327,0,1372
9330,0,1372
9331,0,1372
9332,0,1372
9333,0,1372
1143,0,1372
1144,0,1372
9338,0,1372
1146,0,1372
1148,0,1372
9341,0,1372
9343,0,1372
9345,0,1372
1155,0,1372
1156,0,1372
1157,0,1372
1158,0,1372
1161,0,1372
9355,0,1372
9362,0,1372
9366,0,1372
9374,0,1372
1184,0,1372
9376,0,1372
9382,0,1372
1190,0,1372
9384,0,1372
9385,0,1372
9400,0,1372
1211,0,1372
1219,0,1372
1221,0,1372
1222,0,1372
1223,0,1372
1224,0,1372
9422,0,1372
9426,0,1372
9428,0,1372
9429,0,1372
9432,0,1372
9433,0,1372
1240,0,1372
1255,0,1372
1257,0,1372
9450,0,1372
1268,0,1372
9465,0,1372
1274,0,1372
9467,0,1372
1276,0,1372
9469,0,1372
1287,0,1372
9480,0,1372
1288,0,1372
1292,0,1372
1293,0,1372
9486,0,1372
9487,0,1372
9485,0,1372
9489,0,1372
9492,0,1372
9493,0,1372
9494,0,1372
9495,0,1372
1304,0,1372
1303,0,1372
1306,0,1372
1309,0,1372
9502,0,1372
1322,0,1372
1330,0,1372
9522,0,1372
9524,0,1372
9526,0,1372
9528,0,1372
1336,0,1372
9530,0,1372
9532,0,1372
1340,0,1372
1342,0,1372
1345,0,1372
1348,0,1372
1350,0,1372
1360,0,1372
1365,0,1372
9561,0,1372
9562,0,1372
9566,0,1372
1385,0,1372
1387,0,1372
1390,0,1372
9593,0,1372
1403,0,1372
9603,0,1372
1412,0,1372
1415,0,1372
1422,0,1372
1423,0,1372
1431,0,1372
9636,0,1372
1448,0,1372
1450,0,1372
1451,0,1372
1452,0,1372
9646,0,1372
1456,0,1372
1458,0,1372
1462,0,1372
1463,0,1372
1465,0,1372
9658,0,1372
9659,0,1372
1472,0,1372
1474,0,1372
1480,0,1372
1483,0,1372
9677,0,1372
1485,0,1372
1487,0,1372
1492,0,1372
1503,0,1372
1507,0,1372
1518,0,1372
1522,0,1372
1525,0,1372
1527,0,1372
9721,0,1372
1532,0,1372
9725,0,1372
1561,0,1372
9756,0,1372
1572,0,1372
1579,0,1372
1583,0,1372
1585,0,1372
9779,0,1372
1592,0,1372
1599,0,1372
9792,0,1372
9791,0,1372
9794,0,1372
1603,0,1372
1607,0,1372
1635,0,1372
1640,0,1372
1656,0,1372
1659,0,1372
1673,0,1372
1682,0,1372
1683,0,1372
1684,0,1372
1686,0,1372
1698,0,1372
1702,0,1372
1704,0,1372
1707,0,1372
1713,0,1372
1715,0,1372
1720,0,1372
1727,0,1372
1734,0,1372
1753,0,1372
1759,0,1372
1767,0,1372
1769,0,1372
1782,0,1372
1795,0,1372
1807,0,1372
1808,0,1372
1810,0,1372
1811,0,1372
1812,0,1372
1816,0,1372
1826,0,1372
1836,0,1372
1837,0,1372
1839,0,1372
1851,0,1372
1853,0,1372
1856,0,1372
1858,0,1372
1867,0,1372
1874,0,1372
1875,0,1372
1885,0,1372
1905,0,1372
1914,0,1372
1915,0,1372
1921,0,1372
1926,0,1372
1936,0,1372
1939,0,1372
1943,0,1372
1956,0,1372
1964,0,1372
1970,0,1372
1974,0,1372
1977,0,1372
1980,0,1372
1982,0,1372
1987,0,1372
1990,0,1372
1999,0,1372
2031,0,1372
2037,0,1372
2038,0,1372
2043,0,1372
2053,0,1372
2054,0,1372
2056,0,1372
2057,0,1372
2061,0,1372
2065,0,1372
2071,0,1372
2075,0,1372
2091,0,1372
2093,0,1372
2097,0,1372
2123,0,1372
2142,0,1372
2149,0,1372
2167,0,1372
2183,0,1372
2188,0,1372
2218,0,1372
2223,0,1372
2224,0,1372
2226,0,1372
2228,0,1372
2233,0,1372
2236,0,1372
2240,0,1372
2246,0,1372
2255,0,1372
2259,0,1372
2268,0,1372
2271,0,1372
2274,0,1372
2275,0,1372
2278,0,1372
2280,0,1372
2283,0,1372
2302,0,1372
2305,0,1372
2322,0,1372
2323,0,1372
2330,0,1372
2341,0,1372
2356,0,1372
2360,0,1372
2363,0,1372
2382,0,1372
2385,0,1372
2401,0,1372
2408,0,1372
2418,0,1372
2419,0,1372
2425,0,1372
2438,0,1372
2439,0,1372
2440,0,1372
2461,0,1372
2465,0,1372
2467,0,1372
2494,0,1372
2501,0,1372
2519,0,1372
2529,0,1372
2549,0,1372
2551,0,1372
2553,0,1372
2573,0,1372
2580,0,1372
2587,0,1372
2596,0,1372
2603,0,1372
2610,0,1372
2613,0,1372
2625,0,1372
2634,0,1372
2637,0,1372
2648,0,1372
2663,0,1372
2676,0,1372
2685,0,1372
2706,0,1372
2725,0,1372
2727,0,1372
2732,0,1372
2765,0,1372
2780,0,1372
2793,0,1372
2795,0,1372
2808,0,1372
2835,0,1372
2838,0,1372
2839,0,1372
2851,0,1372
2886,0,1372
2895,0,1372
2900,0,1372
2901,0,1372
2927,0,1372
2932,0,1372
2935,0,1372
2955,0,1372
2964,0,1372
2966,0,1372
2990,0,1372
3005,0,1372
3012,0,1372
3016,0,1372
3032,0,1372
3034,0,1372
3038,0,1372
3065,0,1372
3067,0,1372
3069,0,1372
3074,0,1372
3078,0,1372
3090,0,1372
3111,0,1372
3117,0,1372
3133,0,1372
3136,0,1372
3142,0,1372
3145,0,1372
3168,0,1372
3172,0,1372
3202,0,1372
3204,0,1372
3219,0,1372
3222,0,1372
3223,0,1372
3241,0,1372
3242,0,1372
3243,0,1372
3244,0,1372
3260,0,1372
3265,0,1372
3276,0,1372
3291,0,1372
3297,0,1372
3302,0,1372
3308,0,1372
3323,0,1372
3337,0,1372
3343,0,1372
3366,0,1372
3372,0,1372
3391,0,1372
3405,0,1372
3406,0,1372
3412,0,1372
3428,0,1372
3430,0,1372
3435,0,1372
3440,0,1372
3447,0,1372
3452,0,1372
3460,0,1372
3469,0,1372
3485,0,1372
3486,0,1372
3517,0,1372
3531,0,1372
3550,0,1372
3567,0,1372
3570,0,1372
3571,0,1372
3596,0,1372
3603,0,1372
3614,0,1372
3619,0,1372
3636,0,1372
3653,0,1372
3659,0,1372
3673,0,1372
3689,0,1372
3695,0,1372
3710,0,1372
3717,0,1372
3734,0,1372
3739,0,1372
3740,0,1372
3775,0,1372
3805,0,1372
3819,0,1372
3826,0,1372
3840,0,1372
3841,0,1372
3856,0,1372
3858,0,1372
3865,0,1372
3867,0,1372
3882,0,1372
3894,0,1372
3896,0,1372
3923,0,1372
3928,0,1372
3937,0,1372
3940,0,1372
3969,0,1372
3993,0,1372
3994,0,1372
4002,0,1372
4009,0,1372
4013,0,1372
4043,0,1372
4046,0,1372
4048,0,1372
4050,0,1372
4075,0,1372
4095,0,1372
4109,0,1372
4126,0,1372
4136,0,1372
4139,0,1372
4140,0,1372
4158,0,1372
4161,0,1372
4163,0,1372
4168,0,1372
4198,0,1372
4199,0,1372
4201,0,1372
4208,0,1372
4231,0,1372
4236,0,1372
4252,0,1372
4264,0,1372
4266,0,1372
4291,0,1372
4330,0,1372
4335,0,1372
4349,0,1372
4350,0,1372
4397,0,1372
4406,0,1372
4416,0,1372
4422,0,1372
4424,0,1372
4430,0,1372
4431,0,1372
4456,0,1372
4481,0,1372
4490,0,1372
4501,0,1372
4502,0,1372
4506,0,1372
4524,0,1372
4550,0,1372
4573,0,1372
4574,0,1372
4576,0,1372
4591,0,1372
4601,0,1372
4606,0,1372
4616,0,1372
4627,0,1372
4629,0,1372
4675,0,1372
4737,0,1372
4740,0,1372
4751,0,1372
4792,0,1372
4795,0,1372
4810,0,1372
4814,0,1372
4822,0,1372
4829,0,1372
4832,0,1372
4835,0,1372
4837,0,1372
4838,0,1372
4842,0,1372
4848,0,1372
4854,0,1372
4863,0,1372
4871,0,1372
4951,0,1372
4953,0,1372
4976,0,1372
5002,0,1372
5010,0,1372
5026,0,1372
5076,0,1372
5079,0,1372
5083,0,1372
5093,0,1372
5105,0,1372
5107,0,1372
5126,0,1372
5130,0,1372
5138,0,1372
5158,0,1372
5162,0,1372
5172,0,1372
5173,0,1372
5174,0,1372
5179,0,1372
5204,0,1372
5206,0,1372
5224,0,1372
5225,0,1372
5232,0,1372
5233,0,1372
5234,0,1372
5256,0,1372
5266,0,1372
5280,0,1372
5291,0,1372
5311,0,1372
5325,0,1372
5337,0,1372
5339,0,1372
5340,0,1372
5366,0,1372
5371,0,1372
5392,0,1372
5394,0,1372
5403,0,1372
5486,0,1372
5488,0,1372
5499,0,1372
5501,0,1372
5516,0,1372
5521,0,1372
5537,0,1372
5542,0,1372
5554,0,1372
5556,0,1372
5562,0,1372
5566,0,1372
5569,0,1372
5571,0,1372
5574,0,1372
5580,0,1372
5583,0,1372
5587,0,1372
5591,0,1372
5592,0,1372
5598,0,1372
5599,0,1372
5604,0,1372
5613,0,1372
5614,0,1372
5621,0,1372
5625,0,1372
5627,0,1372
5629,0,1372
5635,0,1372
5636,0,1372
5640,0,1372
5645,0,1372
5651,0,1372
5654,0,1372
5655,0,1372
5656,0,1372
5657,0,1372
5659,0,1372
5661,0,1372
5671,0,1372
5675,0,1372
5676,0,1372
5692,0,1372
5703,0,1372
5704,0,1372
5709,0,1372
5710,0,1372
5732,0,1372
5739,0,1372
5746,0,1372
5766,0,1372
5767,0,1372
5769,0,1372
5771,0,1372
5773,0,1372
5774,0,1372
5779,0,1372
5780,0,1372
5800,0,1372
5820,0,1372
5823,0,1372
5837,0,1372
5839,0,1372
5843,0,1372
5860,0,1372
5864,0,1372
5865,0,1372
5873,0,1372
5887,0,1372
5889,0,1372
5900,0,1372
5936,0,1372
5938,0,1372
5977,0,1372
5993,0,1372
5996,0,1372
6003,0,1372
6024,0,1372
6026,0,1372
6036,0,1372
6039,0,1372
6042,0,1372
6048,0,1372
6059,0,1372
6064,0,1372
6070,0,1372
6076,0,1372
6093,0,1372
6104,0,1372
6118,0,1372
6144,0,1372
6150,0,1372
6156,0,1372
6161,0,1372
6166,0,1372
6174,0,1372
6178,0,1372
6210,0,1372
6220,0,1372
6245,0,1372
6254,0,1372
6256,0,1372
6257,0,1372
6258,0,1372
6259,0,1372
6272,0,1372
6278,0,1372
6280,0,1372
6296,0,1372
6299,0,1372
6307,0,1372
6315,0,1372
6320,0,1372
6321,0,1372
6326,0,1372
6333,0,1372
6353,0,1372
6367,0,1372
6371,0,1372
6373,0,1372
6389,0,1372
6390,0,1372
6402,0,1372
6407,0,1372
6411,0,1372
6435,0,1372
6436,0,1372
6440,0,1372
6443,0,1372
6449,0,1372
6468,0,1372
6472,0,1372
6475,0,1372
6476,0,1372
6477,0,1372
6481,0,1372
6486,0,1372
6487,0,1372
6490,0,1372
6494,0,1372
6496,0,1372
6505,0,1372
6511,0,1372
6512,0,1372
6519,0,1372
6520,0,1372
6524,0,1372
6528,0,1372
6531,0,1372
6532,0,1372
6538,0,1372
6549,0,1372
6551,0,1372
6562,0,1372
6563,0,1372
6568,0,1372
6569,0,1372
6574,0,1372
6586,0,1372
6587,0,1372
6588,0,1372
6590,0,1372
6593,0,1372
6602,0,1372
6605,0,1372
6623,0,1372
6634,0,1372
6654,0,1372
6658,0,1372
6673,0,1372
6676,0,1372
6680,0,1372
6687,0,1372
6690,0,1372
6694,0,1372
6697,0,1372
6712,0,1372
6718,0,1372
6723,0,1372
6738,0,1372
6745,0,1372
6752,0,1372
6754,0,1372
6762,0,1372
6763,0,1372
6764,0,1372
6772,0,1372
6775,0,1372
6776,0,1372
6779,0,1372
6783,0,1372
6784,0,1372
6789,0,1372
6791,0,1372
6799,0,1372
6804,0,1372
6808,0,1372
6809,0,1372
6821,0,1372
6825,0,1372
6839,0,1372
6843,0,1372
6845,0,1372
6847,0,1372
6860,0,1372
6866,0,1372
6883,0,1372
6892,0,1372
6902,0,1372
6904,0,1372
6905,0,1372
6909,0,1372
6912,0,1372
6918,0,1372
6924,0,1372
6927,0,1372
6944,0,1372
6957,0,1372
6963,0,1372
6967,0,1372
6969,0,1372
6979,0,1372
6990,0,1372
7007,0,1372
7021,0,1372
7022,0,1372
7024,0,1372
7036,0,1372
7038,0,1372
7041,0,1372
7055,0,1372
7080,0,1372
7082,0,1372
7083,0,1372
7094,0,1372
7098,0,1372
7105,0,1372
7112,0,1372
7113,0,1372
7120,0,1372
7122,0,1372
7125,0,1372
7139,0,1372
7141,0,1372
7146,0,1372
7148,0,1372
7153,0,1372
7162,0,1372
7166,0,1372
7173,0,1372
7229,0,1372
7230,0,1372
7240,0,1372
7278,0,1372
7279,0,1372
7287,0,1372
7320,0,1372
7324,0,1372
7345,0,1372
7356,0,1372
7364,0,1372
7377,0,1372
7392,0,1372
7413,0,1372
7422,0,1372
7429,0,1372
7434,0,1372
7458,0,1372
7466,0,1372
7509,0,1372
7557,0,1372
7565,0,1372
7572,0,1372
7575,0,1372
7577,0,1372
7578,0,1372
7582,0,1372
7585,0,1372
7593,0,1372
7594,0,1372
7600,0,1372
7603,0,1372
7606,0,1372
7607,0,1372
7609,0,1372
7611,0,1372
7613,0,1372
7621,0,1372
7623,0,1372
7624,0,1372
7628,0,1372
7632,0,1372
7656,0,1372
7659,0,1372
7663,0,1372
7664,0,1372
7665,0,1372
7670,0,1372
7674,0,1372
7675,0,1372
7689,0,1372
7692,0,1372
7695,0,1372
7699,0,1372
7704,0,1372
7710,0,1372
7712,0,1372
7714,0,1372
7715,0,1372
7717,0,1372
7721,0,1372
7727,0,1372
7730,0,1372
7732,0,1372
7733,0,1372
7737,0,1372
7741,0,1372
7742,0,1372
7744,0,1372
7745,0,1372
7747,0,1372
7751,0,1372
7754,0,1372
7758,0,1372
7760,0,1372
7761,0,1372
7762,0,1372
7763,0,1372
7765,0,1372
7768,0,1372
7777,0,1372
7781,0,1372
7785,0,1372
7789,0,1372
7791,0,1372
7792,0,1372
7799,0,1372
7802,0,1372
7805,0,1372
7810,0,1372
7811,0,1372
7812,0,1372
7820,0,1372
7823,0,1372
7840,0,1372
7849,0,1372
7856,0,1372
7858,0,1372
7860,0,1372
7861,0,1372
7864,0,1372
7865,0,1372
7866,0,1372
7867,0,1372
7876,0,1372
7877,0,1372
7880,0,1372
7881,0,1372
7885,0,1372
7890,0,1372
7892,0,1372
7900,0,1372
7904,0,1372
7908,0,1372
7913,0,1372
7925,0,1372
7927,0,1372
7930,0,1372
7935,0,1372
7936,0,1372
7938,0,1372
7939,0,1372
7940,0,1372
7947,0,1372
7948,0,1372
7952,0,1372
7956,0,1372
7960,0,1372
7967,0,1372
7970,0,1372
7972,0,1372
7973,0,1372
7987,0,1372
7990,0,1372
7991,0,1372
7992,0,1372
7993,0,1372
7995,0,1372
7996,0,1372
7997,0,1372
7998,0,1372
7999,0,1372
8000,0,1372
8004,0,1372
8013,0,1372
8019,0,1372
8021,0,1372
8022,0,1372
8024,0,1372
8026,0,1372
8027,0,1372
8029,0,1372
8031,0,1372
8034,0,1372
8041,0,1372
8057,0,1372
8059,0,1372
8062,0,1372
8063,0,1372
8064,0,1372
8065,0,1372
8066,0,1372
8069,0,1372
8070,0,1372
8072,0,1372
8095,0,1372
8098,0,1372
8106,0,1372
8108,0,1372
8117,0,1372
8125,0,1372
8129,0,1372
8131,0,1372
8135,0,1372
8136,0,1372
8150,0,1372
8153,0,1372
8154,0,1372
8159,0,1372
8160,0,1372
8162,0,1372
8163,0,1372
8165,0,1372
8170,0,1372
8186,0,1372
4,1,8
5866,1,8
8204,1,8
7795,1,8
8759,1,8
8376,1,8
9434,1,8
4476,1,8
8,2,24
4748,2,24
272,2,24
7958,2,24
5795,2,24
9388,2,24
436,2,24
8761,2,24
8379,2,24
1216,2,24
8769,2,24
7882,2,24
7889,2,24
727,2,24
732,2,24
733,2,24
8800,2,24
1512,2,24
1394,2,24
7284,2,24
1908,2,24
8696,2,24
8060,2,24
8061,2,24
5945,3,3
9083,3,3
30,3,3
8841,4,22
8842,4,22
7439,4,22
2840,4,22
37,4,22
2597,4,22
3631,4,22
3128,4,22
66,4,22
5066,4,22
8139,4,22
7886,4,22
2131,4,22
2138,4,22
7771,4,22
1766,4,22
5737,4,22
1261,4,22
3310,4,22
369,4,22
1529,4,22
5117,4,22
64,5,2
8435,5,2
3238,6,8
6346,6,8
907,6,8
78,6,8
7984,6,8
2161,6,8
4850,6,8
8243,6,8
772,7,5
2087,7,5
8530,7,5
86,7,5
892,7,5
3200,8,35
1409,8,35
6530,8,35
1546,8,35
7180,8,35
2205,8,35
287,8,35
1064,8,35
6570,8,35
6060,8,35
4018,8,35
7090,8,35
1076,8,35
567,8,35
5818,8,35
6851,8,35
2899,8,35
1369,8,35
89,8,35
7910,8,35
616,8,35
6506,8,35
8684,8,35
6637,8,35
3566,8,35
1391,8,35
2416,8,35
2289,8,35
9074,8,35
8443,8,35
2422,8,35
7671,8,35
4088,8,35
1019,8,35
127,8,35
1600,9,8
5062,9,8
2376,9,8
878,9,8
110,9,8
4052,9,8
2902,9,8
8439,9,8
1539,10,110
8195,10,110
5638,10,110
5128,10,110
4617,10,110
5642,10,110
3608,10,110
542,10,110
3102,10,110
4644,10,110
9768,10,110
6709,10,110
1591,10,110
9273,10,110
5706,10,110
5198,10,110
3662,10,110
9300,10,110
6233,10,110
2140,10,110
6750,10,110
113,10,110
630,10,110
5757,10,110
2176,10,110
645,10,110
5772,10,110
144,10,110
8338,10,110
9368,10,110
153,10,110
155,10,110
156,10,110
9373,10,110
1182,10,110
1185,10,110
164,10,110
9383,10,110
3755,10,110
5803,10,110
5805,10,110
5807,10,110
7857,10,110
691,10,110
6324,10,110
1726,10,110
1218,10,110
7883,10,110
6863,10,110
6352,10,110
728,10,110
736,10,110
230,10,110
2281,10,110
7916,10,110
7917,10,110
7922,10,110
2295,10,110
5881,10,110
257,10,110
6403,10,110
5382,10,110
7943,10,110
277,10,110
6423,10,110
2331,10,110
6940,10,110
1824,10,110
4386,10,110
805,10,110
809,10,110
1834,10,110
810,10,110
320,10,110
1859,10,110
6471,10,110
844,10,110
1872,10,110
6483,10,110
3419,10,110
9057,10,110
4449,10,110
5999,10,110
3451,10,110
5005,10,110
8078,10,110
8082,10,110
8083,10,110
8085,10,110
8087,10,110
9625,10,110
7579,10,110
7580,10,110
6565,10,110
6056,10,110
3497,10,110
2488,10,110
8645,10,110
8151,10,110
2530,10,110
1508,10,110
8171,10,110
4592,10,110
1009,10,110
8176,10,110
2039,10,110
7673,10,110
6140,10,110
1533,10,110
2046,10,110
2626,11,6
3402,11,6
8914,11,6
114,11,6
1459,11,6
6682,11,6
771,12,23
4749,12,23
5518,12,23
401,12,23
146,12,23
7194,12,23
7837,12,23
1955,12,23
8489,12,23
6704,12,23
189,12,23
192,12,23
2116,12,23
1879,12,23
3160,12,23
8417,12,23
1253,12,23
3429,12,23
8550,12,23
5098,12,23
621,12,23
2681,12,23
1662,12,23
5697,13,2
170,13,2
7872,14,7
3718,14,7
172,14,7
1454,14,7
9460,14,7
6196,14,7
9461,14,7
180,15,2
310,15,2
8961,16,19
7813,16,19
6664,16,19
8717,16,19
5268,16,19
6684,16,19
6949,16,19
7597,16,19
8879,16,19
184,16,19
7225,16,19
4045,16,19
4175,16,19
2127,16,19
3925,16,19
4705,16,19
1645,16,19
622,16,19
9709,16,19
3524,17,13
8586,17,13
8779,17,13
1550,17,13
4527,17,13
7827,17,13
9267,17,13
3444,17,13
438,17,13
8795,17,13
5723,17,13
222,17,13
763,17,13
4866,18,25
8579,18,25
3205,18,25
7176,18,25
4875,18,25
7440,18,25
9248,18,25
2468,18,25
5541,18,25
7591,18,25
9517,18,25
2485,18,25
7989,18,25
4279,18,25
2249,18,25
4041,18,25
5068,18,25
7888,18,25
4570,18,25
5610,18,25
6123,18,25
749,18,25
632,18,25
6649,18,25
253,18,25
265,19,3
8259,19,3
6377,19,3
6727,20,5
7788,20,5
273,20,5
1434,20,5
9148,20,5
6888,21,4
2611,21,4
341,21,4
8887,21,4
8251,22,2
366,22,2
388,23,10
1764,23,10
3079,23,10
4488,23,10
7734,23,10
7735,23,10
5240,23,10
1277,23,10
1278,23,10
1279,23,10
8352,24,11
5729,24,11
393,24,11
9387,24,11
1932,24,11
1326,24,11
721,24,11
9458,24,11
5491,24,11
599,24,11
2203,24,11
2688,25,42
7680,25,42
2691,25,42
7815,25,42
394,25,42
7953,25,42
1300,25,42
5146,25,42
5148,25,42
7328,25,42
2338,25,42
2852,25,42
3754,25,42
2222,25,42
3119,25,42
7731,25,42
3763,25,42
4664,25,42
2872,25,42
3770,25,42
1723,25,42
2491,25,42
9413,25,42
6856,25,42
1225,25,42
3407,25,42
6607,25,42
1496,25,42
8025,25,42
2649,25,42
475,25,42
7397,25,42
8295,25,42
3561,25,42
6510,25,42
3823,25,42
7793,25,42
8179,25,42
1651,25,42
7676,25,42
8830,25,42
2687,25,42
1353,26,8
1355,26,8
1621,26,8
406,26,8
4696,26,8
1625,26,8
9244,26,8
9245,26,8
2088,27,4
8387,27,4
2917,27,4
430,27,4
2959,28,3
8834,28,3
431,28,3
5241,29,9
2180,29,9
807,29,9
679,29,9
8649,29,9
5034,29,9
5136,29,9
953,29,9
443,29,9
705,30,6
1347,30,6
6790,30,6
458,30,6
3089,30,6
8055,30,6
1416,31,3
8058,31,3
461,31,3
462,32,5
3315,32,5
4886,32,5
472,32,5
5242,32,5
580,33,18
9414,33,18
6535,33,18
7847,33,18
2221,33,18
2862,33,18
2095,33,18
2256,33,18
6609,33,18
3891,33,18
3892,33,18
8148,33,18
9785,33,18
6302,33,18
476,33,18
3965,33,18
7870,33,18
8255,33,18
4513,34,3
491,34,3
8134,34,3
1665,35,12
961,35,12
3491,35,12
4985,35,12
1098,35,12
9099,35,12
685,35,12
5997,35,12
2480,35,12
5777,35,12
505,35,12
1244,35,12
7942,36,8
1417,36,8
1067,36,8
3344,36,8
2456,36,8
6009,36,8
604,36,8
510,36,8
536,37,3
6231,37,3
8392,37,3
1411,38,2
581,38,2
9251,39,11
655,39,11
1105,39,11
657,39,11
2513,39,11
9139,39,11
5905,39,11
1750,39,11
6386,39,11
4923,39,11
4445,39,11
672,40,2
8128,40,2
8516,41,13
9351,41,13
9353,41,13
9354,41,13
688,41,13
9201,41,13
5715,41,13
8788,41,13
9141,41,13
8500,41,13
5716,41,13
8789,41,13
8253,41,13
824,42,4
6276,42,4
741,42,4
5840,42,4
780,43,6
783,43,6
9335,43,6
5528,43,6
5531,43,6
6686,43,6
4889,44,3
8754,44,3
811,44,3
976,45,3
955,45,3
823,45,3
6459,46,4
3035,46,4
7945,46,4
831,46,4
4694,47,4
842,47,4
843,47,4
5222,47,4
8571,48,4
6521,48,4
851,48,4
895,48,4
7784,49,4
869,49,4
4246,49,4
1239,49,4
9735,50,3
5677,50,3
887,50,3
8510,51,8
4516,51,8
5894,51,8
915,51,8
6451,51,8
2711,51,8
1178,51,8
9726,51,8
2336,52,11
1476,52,11
8298,52,11
7786,52,11
7980,52,11
9360,52,11
7569,52,11
946,52,11
7608,52,11
1595,52,11
2367,52,11
7617,53,4
1762,53,4
979,53,4
3751,53,4
3961,54,3
988,54,3
7845,54,3
1041,55,2
3546,55,2
9505,56,4
1043,56,4
8252,56,4
6740,56,4
6873,57,3
1082,57,3
7711,57,3
3842,58,25
7814,58,25
7817,58,25
4618,58,25
5132,58,25
6933,58,25
6934,58,25
7583,58,25
5535,58,25
4258,58,25
7587,58,25
2343,58,25
8871,58,25
8111,58,25
2231,58,25
7740,58,25
7614,58,25
6334,58,25
1086,58,25
7615,58,25
4682,58,25
9044,58,25
7776,58,25
7794,58,25
3582,58,25
1284,59,2
1103,59,2
1113,60,4
7875,60,4
1805,60,4
4686,60,4
1128,61,3
7131,61,3
8155,61,3
6583,62,3
1130,62,3
4911,62,3
3536,63,2
1138,63,2
7023,64,4
1180,64,4
1453,64,4
7244,64,4
1194,65,2
7428,65,2
7156,66,2
1198,66,2
1210,67,2
1212,67,2
1296,68,4
1312,68,4
2051,68,4
6540,68,4
1314,69,5
1444,69,5
2374,69,5
2154,69,5
1647,69,5
5811,70,3
1356,70,3
7078,70,3
3362,71,3
7242,71,3
1428,71,3
8310,72,2
1479,72,2
1577,73,3
8042,73,3
9135,73,3
1601,74,2
7703,74,2
1688,75,3
8145,75,3
8583,75,3
1761,76,2
3564,76,2
1778,77,2
8398,77,2
1962,78,3
2101,78,3
1831,78,3
4865,79,7
8173,79,7
8174,79,7
1854,79,7
7894,79,7
8285,79,7
8286,79,7
1857,80,6
1954,80,6
5094,80,6
9100,80,6
3378,80,6
6392,80,6
7361,81,2
1925,81,2
3545,82,3
6378,82,3
1965,82,3
9796,83,7
5445,83,7
2821,83,7
8752,83,7
9681,83,7
3059,83,7
2005,83,7
6667,84,6
9708,84,6
2128,84,6
3926,84,6
7226,84,6
6206,84,6
2156,85,2
2157,85,2
8544,86,3
5313,86,3
2319,86,3
8358,87,9
4843,87,9
7629,87,9
8017,87,9
2354,87,9
4723,87,9
5594,87,9
4030,87,9
5695,87,9
8619,88,3
8405,88,3
2503,88,3
9641,89,5
9001,89,5
8459,89,5
4342,89,5
2583,89,5
2744,90,2
2655,90,2
8144,91,2
2939,91,2
9272,92,4
2954,92,4
8484,92,4
5802,92,4
9089,93,6
3299,93,6
5670,93,6
6385,93,6
6141,93,6
3007,93,6
9563,94,2
3068,94,2
9459,95,2
3071,95,2
5632,96,2
3126,96,2
4301,97,4
3445,97,4
9349,97,4
3143,97,4
4564,98,2
3196,98,2
3266,99,4
7655,99,4
3661,99,4
3935,99,4
8261,100,6
9445,100,6
7790,100,6
3279,100,6
9404,100,6
9406,100,6
3365,101,5
4238,101,5
3635,101,5
7801,101,5
8122,101,5
4593,102,3
4586,102,3
3397,102,3
7165,103,2
3446,103,2
3862,104,2
3487,104,2
3731,105,2
3503,105,2
3632,106,3
6628,106,3
3526,106,3
3576,107,2
6585,107,2
9496,108,2
3580,108,2
3641,109,3
8865,109,3
7657,109,3
7681,110,2
3650,110,2
8819,111,3
8308,111,3
3654,111,3
3745,112,2
7662,112,2
3761,113,2
6859,113,2
7630,114,2
3846,114,2
3864,115,2
4609,115,2
6523,116,3
3893,116,3
7807,116,3
3905,117,3
6972,117,3
8037,117,3
8448,118,2
4067,118,2
5664,119,2
4372,119,2
4484,120,3
7909,120,3
9286,120,3
9288,121,3
7906,121,3
4486,121,3
4680,122,2
8607,122,2
7724,123,2
4967,123,2
8738,124,5
8739,124,5
5634,124,5
8741,124,5
5273,124,5
5346,125,2
7934,125,2
9441,126,2
5678,126,2
6135,127,3
5764,127,3
9399,127,3
6186,128,2
6047,128,2
9600,129,2
6277,129,2
7568,130,5
6555,130,5
8341,130,5
9499,130,5
8284,130,5
7592,131,2
6652,131,2
8451,132,3
7596,132,3
7646,132,3
7648,133,2
8254,133,2
7809,134,2
8540,134,2
7898,135,2
7869,135,2
7962,136,2
7963,136,2
8012,137,2
8214,137,2
8258,138,2
8511,138,2
8381,139,2
8383,139,2
8691,140,2
9180,140,2
